Date,Journal,Publisher,Cost,URL,Comment
2025-01-14,Science Advances,AAAS,$5450,https://www.science.org/content/page/science-advances-licensing-and-charges,"For manuscript submissions received on or after January 1, 2025: The base APC for articles published under a CC BY-NC or CC BY license is $5,450."
2024-12-31,Science Advances,AAAS,$4950,https://www.science.org/content/page/science-advances-licensing-and-charges,"For manuscript submissions received on or before December 31, 2024: The base APC for articles published under a CC BY-NC or CC BY license is $4,950."
2024-01-14,Biophysical Reports,Cell Press,£1920,https://www.cell.com/open-access,"£1,920, €2,150, $2,400 £1,536, €1,720, $1,920 for society members"
2024-01-14,Cell Genomics,Cell Press,£7130,https://www.cell.com/open-access,"£7,130, €7,960, $8,900 special introductory fee: £3,565, €3,980, $4,450 for all articles submitted before January 2025"
2024-01-14,Cell Reports,Cell Press,£4500,https://www.cell.com/open-access,"£4,500, €5,030, $5,620. This journal is taking part in the geographical pricing for open access pilot"
2024-01-14,Cell Reports Medicine,Cell Press,£4500,https://www.cell.com/open-access,"£4,500, €5,030, $5,620"
2024-01-14,Cell Reports Methods,Cell Press,£3860,https://www.cell.com/open-access,"£3,860, €4,310, $4,824. This journal is taking part in the geographical pricing for open access pilot"
2024-01-14,Cell Reports Physical Science,Cell Press,£4500,https://www.cell.com/open-access,"£4,500, €5,030, $5,620"
2024-01-14,Cell Reports Sustainability ,Cell Press,£4590,https://www.cell.com/open-access,"£4,590, €5,120, $5,730 special introductory 100% discount for all articles submitted before December 31, 2025"
2024-01-14,Heliyon,Cell Press,£2270,https://www.cell.com/open-access,"£2,270, €2,030, $1,820"
2024-01-14,"Human Genetics and Genomics Advances (HGG Advances, HGGA)",Cell Press,£2640,https://www.cell.com/open-access,"£2,640, €2,950, $3,300 for articles and reports £2,112, €2,360, $2,640 for society members £1,00, €1,120, $1,250 for brief communications £800, €890, $1,000 for society members"
2024-01-14,iScience,Cell Press,£2590,https://www.cell.com/open-access,"£2,590, €2,900, $3,240. This journal is taking part in the geographical pricing for open access pilot"
2024-01-14,Molecular Therapy Methods & Clinical Development,Cell Press,£3120,https://www.cell.com/open-access,"£3,120, €3,490, $3,900£2,560, €2,864, $3,200 for society members"
2024-01-14,Molecular Therapy Nucleic Acids,Cell Press,£3120,https://www.cell.com/open-access,"£3,120, €3,490, $3,900£2,560, €2,864, $3,200 for society members"
2024-01-14,Molecular Therapy Oncology,Cell Press,£3120,https://www.cell.com/open-access,"£3,120, €3,490, $3,900£2,560, €2,864, $3,200 for society members"
2024-01-14,Nexus,Cell Press,£4000,https://www.cell.com/open-access,"£4,000, €4,470, $5,000 for research articles, reports, reviews, perspectives, commentaries and letters special introductory fee: £0, €0, $0 for all articles submitted before July 2026"
2024-01-14,Patterns,Cell Press,£3920,https://www.cell.com/open-access,"£3,920, €4,380, $4,900. This journal is taking part in the geographical pricing for open access pilot"
2024-01-14,Plant Communications,Cell Press,£2802,https://www.cell.com/open-access,"£2,802, €3,129, $3,500 for research and review articles £1,401, €1,565, $1,750 for short correspondences"
2024-01-14,STAR Protocols,Cell Press,£1240,https://www.cell.com/open-access,"£1,240, €1,390, $1,550"
2024-01-14,Stem Cell Reports,Cell Press,£3350,https://www.cell.com/open-access,"£3,350, €3,750, $4,190 13% discount for society members 50% discount for first-time society members"
2024-01-14,The Innovation,Cell Press,£4000,https://www.cell.com/open-access,"£4,000, €4,470, $5,000 for articles, reports, and reviews£800, €890, $1,000 for perspective, commentary, out-of-the-box, translational patent, letter, and illustration articles"
2024-01-14,Cancer Cell,Cell Press,£7490,https://www.cell.com/open-access,"£7,490, €8,360, $9,350"
2024-01-14,Cell,Cell Press,£8330,https://www.cell.com/open-access,"£8,330, €9,300, $10,400"
2024-01-14,Cell Chemical Biology,Cell Press,£7490,https://www.cell.com/open-access,"£7,490, €8,360, $9,350"
2024-01-14,Cell Host & Microbe,Cell Press,£7490,https://www.cell.com/open-access,"£7,490, €8,360, $9,350"
2024-01-14,Cell Metabolism,Cell Press,£7490,https://www.cell.com/open-access,"£7,490, €8,360, $9,350"
2024-01-14,Cell Stem Cell,Cell Press,£7490,https://www.cell.com/open-access,"£7,490, €8,360, $9,350"
2024-01-14,Cell Systems,Cell Press,£7490,https://www.cell.com/open-access,"£7,490, €8,360, $9,350"
2024-01-14,Chem,Cell Press,£7490,https://www.cell.com/open-access,"£7,490, €8,360, $9,350"
2024-01-14,Chem Catalysis,Cell Press,£7340,https://www.cell.com/open-access,"£7,340, €8,200, $9,170"
2024-01-14,Current Biology,Cell Press,£5630,https://www.cell.com/open-access,"£5,630, €6,290, $7,030"
2024-01-14,Developmental Cell,Cell Press,£7490,https://www.cell.com/open-access,"£7,490, €8,360, $9,350"
2024-01-14,Device,Cell Press,£7490,https://www.cell.com/open-access,"£7,490, €8,360, $9,350 special introductory 100% discount for all articles submitted before May 2025"
2024-01-14,Immunity,Cell Press,£7490,https://www.cell.com/open-access,"£7,490, €8,360, $9,350"
2024-01-14,Joule,Cell Press,£7490,https://www.cell.com/open-access,"£7,490, €8,360, $9,350"
2024-01-14,Matter,Cell Press,£7490,https://www.cell.com/open-access,"£7,490, €8,360, $9,350"
2024-01-14,Med,Cell Press,£7340,https://www.cell.com/open-access,"£7,340, €8,200, $9,170"
2024-01-14,Molecular Cell,Cell Press,£7490,https://www.cell.com/open-access,"£7,490, €8,360, $9,350"
2024-01-14,Neuron,Cell Press,£7490,https://www.cell.com/open-access,"£7,490, €8,360, $9,350"
2024-01-14,Newton,Cell Press,£4370,https://www.cell.com/open-access,"£4,370, €4,880, $5,460 special introductory 100% discount for all articles submitted before April 2026"
2024-01-14,One Earth,Cell Press,£7340,https://www.cell.com/open-access,"£7,340, €8,200, $9,170 special introductory fee: £3,670, €4,100, $4,585 for all articles submitted before February 2025"
2024-01-14,Structure,Cell Press,£7490,https://www.cell.com/open-access,"£7,490, €8,360, $9,350"
2024-01-14,Trends review journals,Cell Press,£5630,https://www.cell.com/open-access,"£5,630, €6,290, $7,030"
2024-01-14,Biophysical Journal,Cell Press,£2400,https://www.cell.com/open-access,"£2,400, € 2,680, $3,000 £1,920, € 2,144, $2,400 for society members"
2024-01-14,Molecular Plant,Cell Press,£4003,https://www.cell.com/open-access,"£4,003, €4,471, $5,000 for full-length research articles, research reports, review articles and perspectives £2,001, €2,235, $2,500 for short correspondences"
2024-01-14,Molecular Therapy,Cell Press,£3120,https://www.cell.com/open-access,"£3,120, €3,490, $3,900£2,560, €2,864, $3,200 for society members"
2024-01-14,The American Journal of Human Genetics (AJHG),Cell Press,£4120,https://www.cell.com/open-access,"£4,120, €4,600, $5,150"
2024-01-14,Royal Society Open Science,Royal Society,$1960,https://royalsociety.org/journals/open-access/,
2024-01-14,Philosophical Transactions A,Royal Society,$2795,https://royalsociety.org/journals/open-access/,
2024-01-14,Philosophical Transactions B,Royal Society,$2795,https://royalsociety.org/journals/open-access/,
2024-01-14,Interface Focus,Royal Society,$2795,https://royalsociety.org/journals/open-access/,
2024-01-14,Proceedings A,Royal Society,$2795,https://royalsociety.org/journals/open-access/,
2024-01-14,Proceedings B,Royal Society,$2795,https://royalsociety.org/journals/open-access/,
2024-01-14,Interface,Royal Society,$2795,https://royalsociety.org/journals/open-access/,
2024-01-14,Biology Letters,Royal Society,$2795,https://royalsociety.org/journals/open-access/,
2024-01-14,Open Biology,Royal Society,$2795,https://royalsociety.org/journals/open-access/,
2024-01-14,Notes and Records,Royal Society,$2795,https://royalsociety.org/journals/open-access/,
2024-01-14,Biographical Memoirs,Royal Society,$2795,https://royalsociety.org/journals/open-access/,
2024-01-14,Nature,Springer Nature,$12690,https://www.nature.com/nature/for-authors/publishing-options,
2024-01-14,Nature Communications,Springer Nature,$6990,https://www.nature.com/ncomms/open-access,
2024-01-14,Nature Human Behavior,Springer Nature,$12690,https://www.nature.com/nathumbehav/submission-guidelines/publishing-options,
2024-01-14,PNAS,National Academy of Science,$2945,https://www.pnas.org/author-center/publication-charges,Delayed Open Access
2024-01-14,PNAS,National Academy of Science,$5495,https://www.pnas.org/author-center/publication-charges,Immediate Open Access
2024-01-15,Cognition,Elsevier,$3910,https://www.sciencedirect.com/journal/cognition,
2024-01-15,Evolutionary Human Sciences,Cambridge University Press,$3550,https://www.cambridge.org/core/journals/evolutionary-human-sciences/information/author-instructions/fees-and-pricing,
2025-03-28,Adaptation,Oxford University Press,$3855,https://academic.oup.com/adapta,
2025-03-28,Aesthetic Surgery Journal,Oxford University Press,$5601,https://academic.oup.com/asjour,
2025-03-28,Aesthetic Surgery Journal: Open Forum,Oxford University Press,$3051,https://academic.oup.com/asjofj,
2025-03-28,African Affairs,Oxford University Press,£3446,https://academic.oup.com/afrafj,
2025-03-28,Age & Ageing,Oxford University Press,£2805,https://academic.oup.com/ageing,
2025-03-28,AJE Advances; Research in Epidemiology   ,Oxford University Press,$2625,https://academic.oup.com/ajeadv,
2025-03-28,Alcohol and Alcoholism ,Oxford University Press,£3250,https://academic.oup.com/alcalc,
2025-03-28,American Entomologist,Oxford University Press,$4328,https://academic.oup.com/aentom,
2025-03-28,American Historical Review,Oxford University Press,$4620,https://academic.oup.com/ahrrev,
2025-03-28,American Journal of Clinical Pathology,Oxford University Press,$4660,https://academic.oup.com/ajcpat,
2025-03-28,American Journal of Epidemiology,Oxford University Press,$4856,https://academic.oup.com/ajepid,
2025-03-28,American Journal of Health-System Pharmacy,Oxford University Press,$4448,https://academic.oup.com/amjhsp,
2025-03-28,American Journal of Hypertension,Oxford University Press,$4814,https://academic.oup.com/ajhype,
2025-03-28,American Journal of Legal History,Oxford University Press,$4533,https://academic.oup.com/ajlhis,
2025-03-28,American Law and Economics Review,Oxford University Press,$4029,https://academic.oup.com/alecon,
2025-03-28,American Literary History,Oxford University Press,$4605,https://academic.oup.com/alhist,
2025-03-28,Analysis,Oxford University Press,£2880,https://academic.oup.com/analys,
2025-03-28,Animal Frontiers,Oxford University Press,$3500,https://academic.oup.com/anfron,
2025-03-28,Annals of Behavioral Medicine,Oxford University Press,$4433,https://academic.oup.com/abmedi,
2025-03-28,Annals of Botany,Oxford University Press,£2743,https://academic.oup.com/annbot,
2025-03-28,Annals of the Entomological Society of America,Oxford University Press,$4328,https://academic.oup.com/aesame,
2025-03-28,Annals of the International Communication Association,Oxford University Press,$3368,https://academic.oup.com/anncom,
2025-03-28,Annals of Work Exposures and Health,Oxford University Press,£2795,https://academic.oup.com/annweh,
2025-03-28,Antibody Therapeutics,Oxford University Press,$2822,https://academic.oup.com/anther,
2025-03-28,AoB PLANTS,Oxford University Press,£1065,https://academic.oup.com/aobpla,
2025-03-28,Applied Linguistics,Oxford University Press,$5481,https://academic.oup.com/applij,
2025-03-28,Arbitration International,Oxford University Press,£3323,https://academic.oup.com/arbint,
2025-03-28,Archives of Clinical Neuropsychology,Oxford University Press,$4823,https://academic.oup.com/arclin,
2025-03-28,Aristotelian Society Supplementary Volume,Oxford University Press,£2993,https://academic.oup.com/arisup,
2025-03-28,Art History,Oxford University Press,£2415,https://academic.oup.com/arthis,
2025-03-28,Arthropod Management Tests,Oxford University Press,$300,https://academic.oup.com/amtest,
2025-03-28,Behavioral Ecology,Oxford University Press,$3906,https://academic.oup.com/beheco,
2025-03-28,Bioinformatics,Oxford University Press,$3989,https://academic.oup.com/cabios,
2025-03-28,Bioinformatics Advances,Oxford University Press,$2726,https://academic.oup.com/bioadv,
2025-03-28,Biological Journal of the Linnean Society,Oxford University Press,£2685,https://academic.oup.com/biolin,
2025-03-28,Biology Methods and Protocols,Oxford University Press,$1120,https://academic.oup.com/biomap,
2025-03-28,Biology of Reproduction,Oxford University Press,$4605,https://academic.oup.com/biolre,
2025-03-28,Biometrics,Oxford University Press,$3780,https://academic.oup.com/jbiomtc,
2025-03-28,Biometrika,Oxford University Press,£2724,https://academic.oup.com/biomet,
2025-03-28,BioScience,Oxford University Press,$5088,https://academic.oup.com/biosci,
2025-03-28,Bioscience Biotechnology and Biochemistry,Oxford University Press,$3272,https://academic.oup.com/bbbioc,
2025-03-28,Biostatistics,Oxford University Press,$3296,https://academic.oup.com/biosts,
2025-03-28,BJS Open,Oxford University Press,£2185,https://academic.oup.com/bjsope,
2025-03-28,BJR Artificial Intelligence,Oxford University Press,£1890,https://academic.oup.com/bjrart,
2025-03-28,BJR Case Reports,Oxford University Press,£499,https://academic.oup.com/bjrcre,
2025-03-28,BJR Open,Oxford University Press,£1055,https://academic.oup.com/bjropn,
2025-03-28,Botanical Journal of the Linnean Society,Oxford University Press,£2685,https://academic.oup.com/botlin,
2025-03-28,Brain,Oxford University Press,£4224,https://academic.oup.com/brainj,
2025-03-28,Brain Communications,Oxford University Press,£3051,https://academic.oup.com/brcoms,
2025-03-28,Briefings in Bionformatics,Oxford University Press,$3885,https://academic.oup.com/bribio,
2025-03-28,Briefings in Functional Genomics and Proteomics,Oxford University Press,$3700,https://academic.oup.com/brifun,
2025-03-28,British Journal of Dermatology,Oxford University Press,£3731,https://academic.oup.com/bjderm,
2025-03-28,British Journal of Surgery,Oxford University Press,£3797,https://academic.oup.com/bjsurg,
2025-03-28,British Journal of Radiology,Oxford University Press,£2279,https://academic.oup.com/bjradi,
2025-03-28,British Medical Bulletin,Oxford University Press,£3308,https://academic.oup.com/brimed,
2025-03-28,British Yearbook of International Law,Oxford University Press,$4533,https://academic.oup.com/brybil,
2025-03-28,Bulletin of the Chemical Society of Japan,Oxford University Press,¥305000,https://academic.oup.com/bulcsj,
2025-03-28,Bulletin of the Institute of Classical Studies,Oxford University Press,£2491,https://academic.oup.com/bicstu,
2025-03-28,Burns and Trauma,Oxford University Press,$2700,https://academic.oup.com/burnst,
2025-03-28,Cambridge Journal of Economics,Oxford University Press,£3423,https://academic.oup.com/cameco,
2025-03-28,"Cambridge Journal of Regions, Economy and Society",Oxford University Press,£3408,https://academic.oup.com/camres,
2025-03-28,Capital Markets Law Journal,Oxford University Press,$4533,https://academic.oup.com/caplaw,
2025-03-28,Carcinogenesis,Oxford University Press,$4835,https://academic.oup.com/carcin,
2025-03-28,Cardiovascular Research,Oxford University Press,€4715,https://academic.oup.com/cvrese,
2025-03-28,Cerebral Cortex,Oxford University Press,$5038,https://academic.oup.com/cercor,
2025-03-28,Chemical Senses,Oxford University Press,$4317,https://academic.oup.com/chemse,
2025-03-28,Chemistry Letters,Oxford University Press,¥150000,https://academic.oup.com/chemle,
2025-03-28,Chinese Journal of International Law,Oxford University Press,$3981,https://academic.oup.com/cjilaw,
2025-03-28,Christian bioethics,Oxford University Press,$3973,https://academic.oup.com/chribi,
2025-03-28,Classical Receptions Journal,Oxford University Press,£2503,https://academic.oup.com/clrecj,
2025-03-28,Clean Energy,Oxford University Press,$0,https://academic.oup.com/cleane,
2025-03-28,Clinical and Experimental Dermatology,Oxford University Press,£2543,https://academic.oup.com/cederm,
2025-03-28,Clinical & Experimental Immunology,Oxford University Press,£2894,https://academic.oup.com/clexim,
2025-03-28,Clinical Chemistry,Oxford University Press,$4636,https://academic.oup.com/clchem,
2025-03-28,Clinical Infectious Diseases,Oxford University Press,$4763,https://academic.oup.com/clinid,
2025-03-28,Clinical Kidney Journal,Oxford University Press,€2951,https://academic.oup.com/ndtpls,
2025-03-28,Communication Theory,Oxford University Press,$4235,https://academic.oup.com/comthe,
2025-03-28,"Communication, Culture and Critique",Oxford University Press,$4235,https://academic.oup.com/cccrit,
2025-03-28,Community Development Journal,Oxford University Press,£2673,https://academic.oup.com/cdj..j,
2025-03-28,Conservation Physiology,Oxford University Press,£2073,https://academic.oup.com/conphy,
2025-03-28,Contemporary Women's Writing,Oxford University Press,£2926,https://academic.oup.com/cwwrit,
2025-03-28,Contributions to Political Economy,Oxford University Press,£3423,https://academic.oup.com/conpec,
2025-03-28,Crohn's & Colitis 360,Oxford University Press,$3378,https://academic.oup.com/crocol,
2025-03-28,Current Legal Problems,Oxford University Press,£3066,https://academic.oup.com/clprob,
2025-03-28,Current Zoology,Oxford University Press,$0,https://academic.oup.com/czoolo,
2025-03-28,Database,Oxford University Press,$2729,https://academic.oup.com/databa,
2025-03-28,Dentomaxillofacial Radiology,Oxford University Press,£2279,https://academic.oup.com/dmfrad,
2025-03-28,Digital Scholarship in the Humanities,Oxford University Press,£2754,https://academic.oup.com/litlin,
2025-03-28,Diplomatic History,Oxford University Press,$3737,https://academic.oup.com/dhisto,
2025-03-28,Discovery Immunology,Oxford University Press,£2315,https://academic.oup.com/discim,
2025-03-28,Diseases of the Esophagus,Oxford University Press,$4113,https://academic.oup.com/doteso,
2025-03-28,DNA Research,Oxford University Press,$1400,https://academic.oup.com/dnares,
2025-03-28,Early Music,Oxford University Press,£3113,https://academic.oup.com/earlyj,
2025-03-28,Economic Policy ,Oxford University Press,€6468,https://academic.oup.com/epolic,
2025-03-28,ELT Journal,Oxford University Press,$5481,https://academic.oup.com/eltj.j,
2025-03-28,Endocrine Reviews,Oxford University Press,$3750,https://academic.oup.com/endrev,
2025-03-28,Endocrinology,Oxford University Press,$3750,https://academic.oup.com/endocr,
2025-03-28,English - The Journal of the English Association,Oxford University Press,£2884,https://academic.oup.com/englis,
2025-03-28,Environmental Endocrinology ,Oxford University Press,€2300,https://academic.oup.com/enendo,
2025-03-28,Environmental Entomology,Oxford University Press,$4328,https://academic.oup.com/envent,
2025-03-28,Environmental Epigenetics,Oxford University Press,$2471,https://academic.oup.com/eepige,
2025-03-28,Environmental Toxicology and Chemistry,Oxford University Press,$3500,,
2025-03-28,EP Europace,Oxford University Press,€4344,https://academic.oup.com/eupace,
2025-03-28,Epidemiologic Reviews,Oxford University Press,$5085,https://academic.oup.com/ajerev,
2025-03-28,Essays in Criticism,Oxford University Press,$4981,https://academic.oup.com/escrit,
2025-03-28,European Heart Journal,Oxford University Press,€5240,https://academic.oup.com/eheart,
2025-03-28,European Heart Journal - Cardiovascular Imaging,Oxford University Press,€4604,https://academic.oup.com/ejecho,
2025-03-28,European Heart Journal – Cardiovascular Pharmacotherapy,Oxford University Press,€3983,https://academic.oup.com/ehjcvp,
2025-03-28,European Heart Journal - Case Reports,Oxford University Press,€721,https://academic.oup.com/ehjcre,
2025-03-28,European Heart Journal - Digital Health,Oxford University Press,€3296,https://academic.oup.com/ehjdhe,
2025-03-28,European Heart Journal – Imaging Methods and Practice,Oxford University Press,€3000,https://academic.oup.com/ehjimp,
2025-03-28,European Heart Journal - Quality of Care and Clinical Outcomes,Oxford University Press,€4062,https://academic.oup.com/ehjqcc,
2025-03-28,European Heart Journal Open,Oxford University Press,€2365,https://academic.oup.com/ehjopn,
2025-03-28,European Heart Journal - Acute Cardiovascular Care,Oxford University Press,€3355,https://academic.oup.com/ehjacc,
2025-03-28,European Journal of Cardio-Thoracic Surgery,Oxford University Press,€3273,https://academic.oup.com/eujcts,
2025-03-28,European Journal of Cardiovascular Nursing,Oxford University Press,€3355,https://academic.oup.com/eurjcn,
2025-03-28,European Journal of Endocrinology,Oxford University Press,€3798,https://academic.oup.com/ejendo,
2025-03-28,European Journal of International Law,Oxford University Press,£2919,https://academic.oup.com/ejilaw,
2025-03-28,European Journal of Orthodontics,Oxford University Press,£3250,https://academic.oup.com/eortho,
2025-03-28,European Journal of Preventive Cardiology,Oxford University Press,€3355,https://academic.oup.com/eurjpc,
2025-03-28,European Journal of Public Health,Oxford University Press,€2815,https://academic.oup.com/eurpub,
2025-03-28,European Review of Agricultural Economics,Oxford University Press,€4487,https://academic.oup.com/eurrag,
2025-03-28,European Review of Economic History,Oxford University Press,€3953,https://academic.oup.com/ereh.j,
2025-03-28,European Sociological Review,Oxford University Press,€4710,https://academic.oup.com/eursoj,
2025-03-28,Evolution,Oxford University Press,$3214,https://academic.oup.com/evolut,
2025-03-28,Evolution Letters,Oxford University Press,$2678,https://academic.oup.com/evlett,
2025-03-28,"Evolution, Medicine, and Public Health",Oxford University Press,$3629,https://academic.oup.com/emphea,
2025-03-28,Evolutionary Journal of the Linnean Society,Oxford University Press,£1764,https://academic.oup.com/evolin,
2025-03-28,Exposome,Oxford University Press,$2100,https://academic.oup.com/exposo,
2025-03-28,Family Practice,Oxford University Press,$4892,https://academic.oup.com/famprj,
2025-03-28,FEMS Microbes,Oxford University Press,£1700,https://academic.oup.com/femsmc,
2025-03-28,FEMS Microbiology Ecology,Oxford University Press,£2500,https://academic.oup.com/femsec,
2025-03-28,FEMS Microbiology Letters,Oxford University Press,£2500,https://academic.oup.com/femsle,
2025-03-28,FEMS Microbiology Reviews,Oxford University Press,£2500,https://academic.oup.com/femsre,
2025-03-28,FEMS Yeast Research,Oxford University Press,£2500,https://academic.oup.com/femsyr,
2025-03-28,Fisheries,Oxford University Press,$3500,https://academic.oup.com/fshmag,
2025-03-28,Food Quality and Safety,Oxford University Press,$1855,https://academic.oup.com/fqsafe,
2025-03-28,Foreign Policy Analysis,Oxford University Press,$4320,https://academic.oup.com/isafpa,
2025-03-28,Forensic Sciences Research,Oxford University Press,$0,https://academic.oup.com/fsrech,
2025-03-28,Forestry,Oxford University Press,£2889,https://academic.oup.com/foresj,
2025-03-28,Forum for Modern Language Studies,Oxford University Press,£2819,https://academic.oup.com/formod,
2025-03-28,French History,Oxford University Press,£2663,https://academic.oup.com/french,
2025-03-28,Function,Oxford University Press,$3900,https://academic.oup.com/functn,
2025-03-28,"G3: Genes, Genomes, Genetics",Oxford University Press,$2709,https://academic.oup.com/gthree,
2025-03-28,Gastroenterology Report,Oxford University Press,$1800,https://academic.oup.com/gastro,
2025-03-28,Genetics,Oxford University Press,$4477,https://academic.oup.com/genets,
2025-03-28,Genome Biology and Evolution,Oxford University Press,$2850,https://academic.oup.com/gbevol,
2025-03-28,"Genomics, Proteomics, and Bioinformatics",Oxford University Press,$3850,https://academic.oup.com/gpbjnl,
2025-03-28,Geophysical Journal International,Oxford University Press,£2590,https://academic.oup.com/gjiras,
2025-03-28,German History,Oxford University Press,£3106,https://academic.oup.com/gerhis,
2025-03-28,GigaScience,Oxford University Press,$2638,https://academic.oup.com/gigsci,
2025-03-28,Global Studies Quarterly,Oxford University Press,$2137,https://academic.oup.com/isagsq,
2025-03-28,Glycobiology,Oxford University Press,€4208,https://academic.oup.com/glycob,
2025-03-28,GRUR International,Oxford University Press,€3876,https://academic.oup.com/gruint,
2025-03-28,Health Affairs Scholar,Oxford University Press,$3150,https://academic.oup.com/haschl,
2025-03-28,Health Education Research,Oxford University Press,$4533,https://academic.oup.com/healed,
2025-03-28,Health Policy and Planning,Oxford University Press,£2423,https://academic.oup.com/heapol,
2025-03-28,Health Promotion International,Oxford University Press,€4533,https://academic.oup.com/heapro,
2025-03-28,Historical Research,Oxford University Press,£2540,https://academic.oup.com/hisres,
2025-03-28,History Workshop Journal,Oxford University Press,£3125,https://academic.oup.com/hiwork,
2025-03-28,Holocaust and Genocide Studies,Oxford University Press,$3390,https://academic.oup.com/holgen,
2025-03-28,Horticulture Research,Oxford University Press,$2960,https://academic.oup.com/hortre,
2025-03-28,Human Communication Research,Oxford University Press,$4235,https://academic.oup.com/humcom,
2025-03-28,Human Molecular Genetics,Oxford University Press,$4390,https://academic.oup.com/hmg..j,
2025-03-28,Human Reproduction,Oxford University Press,€4097,https://academic.oup.com/humrep,
2025-03-28,Human Reproduction Open ,Oxford University Press,€2021,https://academic.oup.com/hropen,
2025-03-28,Human Reproduction  Update,Oxford University Press,€3973,https://academic.oup.com/humupd,
2025-03-28,Human Rights Law Review,Oxford University Press,£3067,https://academic.oup.com/hrlrev,
2025-03-28,ICES Journal of Marine Science,Oxford University Press,£2795,https://academic.oup.com/icesjm,
2025-03-28,ICSID Review: Foreign Investment Law Journal,Oxford University Press,$4981,https://academic.oup.com/icsidr,
2025-03-28,IJQHC Communications,Oxford University Press,£1896,https://academic.oup.com/ijcoms,
2025-03-28,IMA Journal of Applied Mathematics,Oxford University Press,£2819,https://academic.oup.com/imamat,
2025-03-28,IMA Journal of Management Mathematics,Oxford University Press,£2819,https://academic.oup.com/imaman,
2025-03-28,IMA Journal of Mathematical Control and Information,Oxford University Press,£2819,https://academic.oup.com/imamci,
2025-03-28,IMA Journal of Numerical Analysis,Oxford University Press,£2819,https://academic.oup.com/imanum,
2025-03-28,ImmunoHorizons,Oxford University Press,$1700,https://academic.oup.com/immhor,
2025-03-28,Immunotherapy Advances,Oxford University Press,£2315,https://academic.oup.com/immadv,
2025-03-28,in silico Plants,Oxford University Press,£1742,https://academic.oup.com/insilc,
2025-03-28,Industrial and Corporate Change,Oxford University Press,£3260,https://academic.oup.com/indcor,
2025-03-28,Industrial Law Journal,Oxford University Press,£3066,https://academic.oup.com/indlaw,
2025-03-28,Inflammatory Bowel Diseases,Oxford University Press,$3862,https://academic.oup.com/ibdjnl,
2025-03-28,Information and Inference: A Journal of the IMA,Oxford University Press,£2819,https://academic.oup.com/imaiai,
2025-03-28,Innovation in Aging,Oxford University Press,$3977,https://academic.oup.com/geroni,
2025-03-28,Insect Systematics and Diversity,Oxford University Press,$4328,https://academic.oup.com/isdive,
2025-03-28,Integrated Environmental Assessment and Management,Oxford University Press,$3500,,
2025-03-28,Integrative and Comparative Biology,Oxford University Press,$4243,https://academic.oup.com/icbiol,
2025-03-28,Integrative Biology,Oxford University Press,$3522,https://academic.oup.com/intbio,
2025-03-28,Integrative Organismal Biology,Oxford University Press,$2134,https://academic.oup.com/iobjnl,
2025-03-28,Intelligent Transportation Infrastructure,Oxford University Press,$0,https://academic.oup.com/itinfr,
2025-03-28,Interacting with Computers,Oxford University Press,£2877,https://academic.oup.com/iwcomp,
2025-03-28,Interdiscplinary CardioVascular and Thoracic Surgery,Oxford University Press,€1998,https://academic.oup.com/icvats,
2025-03-28,International Affairs ,Oxford University Press,£3743,https://academic.oup.com/iaffai,
2025-03-28,International Data Privacy Law,Oxford University Press,€4291,https://academic.oup.com/idplaw,
2025-03-28,International Health,Oxford University Press,£2205,https://academic.oup.com/inthea,
2025-03-28,International Immunology,Oxford University Press,$3530,https://academic.oup.com/intimm,
2025-03-28,International Journal for Quality in Health Care,Oxford University Press,£2795,https://academic.oup.com/intqhc,
2025-03-28,International Journal of Constitutional Law,Oxford University Press,£2919,https://academic.oup.com/ijclaw,
2025-03-28,International Journal of Epidemiology,Oxford University Press,£3423,https://academic.oup.com/ije..j,
2025-03-28,International Journal of Food Science and Technology,Oxford University Press,£2000,https://academic.oup.com/ijfood,
2025-03-28,International Journal of Law & Information Technology,Oxford University Press,$4533,https://academic.oup.com/inttec,
2025-03-28,"International Journal of Law, Policy and the Family",Oxford University Press,$4535,https://academic.oup.com/lawfam,
2025-03-28,International Journal of Lexicography,Oxford University Press,€4373,https://academic.oup.com/lexico,
2025-03-28,International Journal of Low Carbon Technologies,Oxford University Press,$2886,https://academic.oup.com/ijolct,
2025-03-28,International Journal of Neuropsychopharmacology,Oxford University Press,£2042,https://academic.oup.com/ijnppy,
2025-03-28,International Journal of Pharmacy Practice,Oxford University Press,£2328,https://academic.oup.com/ijppha,
2025-03-28,International Journal of Public Opinion Research,Oxford University Press,£2367,https://academic.oup.com/intpor,
2025-03-28,International Journal of Refugee Law,Oxford University Press,£2998,https://academic.oup.com/reflaw,
2025-03-28,International Journal of Transitional Justice,Oxford University Press,$4534,https://academic.oup.com/ijtjus,
2025-03-28,International Mathematics Research Notices,Oxford University Press,$4534,https://academic.oup.com/imrnot,
2025-03-28,International Political Sociology,Oxford University Press,$4320,https://academic.oup.com/isaips,
2025-03-28,International Relations of the Asia Pacific,Oxford University Press,$3571,https://academic.oup.com/irasia,
2025-03-28,International Studies Perspective,Oxford University Press,$4320,https://academic.oup.com/isaisp,
2025-03-28,International Studies Quarterly,Oxford University Press,$4320,https://academic.oup.com/isaisq,
2025-03-28,International Studies Review,Oxford University Press,$4320,https://academic.oup.com/isaisr,
2025-03-28,Interdisciplinary Studies in Literature and Environment,Oxford University Press,$2328,https://academic.oup.com/islenv,
2025-03-28,ISME Journal,Oxford University Press,€3675,https://academic.oup.com/ismejo,
2025-03-28,ISME Communications,Oxford University Press,€2310,https://academic.oup.com/ismeco,
2025-03-28,JAC - Antimicrobial Resistance,Oxford University Press,£1978,https://academic.oup.com/jacamr,
2025-03-28,JAMIA Open,Oxford University Press,$3762,https://academic.oup.com/jamiao,
2025-03-28,Japanese Journal of Clinical Oncology,Oxford University Press,$3604,https://academic.oup.com/jjco.j,
2025-03-28,JBMR Plus,Oxford University Press,$2888,https://academic.oup.com/jbmrpl,
2025-03-28,JCEM Case Reports,Oxford University Press,$930,https://academic.oup.com/jcemcr,
2025-03-28,Jerusalem Review of Legal Studies,Oxford University Press,£3066,https://academic.oup.com/jrlstu,
2025-03-28,JNCI Cancer Spectrum ,Oxford University Press,$2050,https://academic.oup.com/jncics,
2025-03-28,Journal of the National Cancer Institute,Oxford University Press,$5436,https://academic.oup.com/jnci.j,
2025-03-28,Journal of African Economies,Oxford University Press,£3554,https://academic.oup.com/jafeco,
2025-03-28,Journal of American History,Oxford University Press,$4600,,
2025-03-28,Journal of Analytical Toxicology,Oxford University Press,$4823,https://academic.oup.com/anatox,
2025-03-28,Journal of Animal Science,Oxford University Press,$4368,https://academic.oup.com/jansci,
2025-03-28,Journal of Antimicrobial Chemotherapy,Oxford University Press,£2869,https://academic.oup.com/janmic,
2025-03-28,Journal of Antitrust Enforcement,Oxford University Press,$4533,https://academic.oup.com/jaenfo,
2025-03-28,Journal of AOAC INTERNATIONAL,Oxford University Press,$1868,https://academic.oup.com/aoacin,
2025-03-28,Journal of Applied Microbiology,Oxford University Press,£2864,https://academic.oup.com/jambio,
2025-03-28,Journal of Aquatic Animal Health,Oxford University Press,$3500,https://academic.oup.com/jahafs,
2025-03-28,Journal of Breast Imaging,Oxford University Press,$2804,https://academic.oup.com/jbreim,
2025-03-28,The Journal of Burn Care & Research,Oxford University Press,$3698,https://academic.oup.com/jbcres,
2025-03-28,Journal of Chromatographic Science,Oxford University Press,$4822,https://academic.oup.com/chrsci,
2025-03-28,Journal of Church and State,Oxford University Press,$3913,https://academic.oup.com/jofcas,
2025-03-28,Journal of Communication,Oxford University Press,$4235,https://academic.oup.com/jnlcom,
2025-03-28,Journal of Competition Law and Economics,Oxford University Press,€3756,https://academic.oup.com/joclec,
2025-03-28,Journal of Complex Networks,Oxford University Press,$4533,https://academic.oup.com/comnet,
2025-03-28,Journal of Computer-Mediated Communication,Oxford University Press,$0,https://academic.oup.com/jcmcom,
2025-03-28,Journal of Conflict and Security Law,Oxford University Press,$4535,https://academic.oup.com/jconsl,
2025-03-28,Journal of Consumer Research ,Oxford University Press,$4224,https://academic.oup.com/jcrese,
2025-03-28,Journal of Crohn's and Colitis,Oxford University Press,€4238,https://academic.oup.com/eccojc,
2025-03-28,Journal of Crustacean Biology,Oxford University Press,$4230,https://academic.oup.com/jcbiol,
2025-03-28,Journal of Cyber Security,Oxford University Press,$2094,https://academic.oup.com/cybers,
2025-03-28,Journal of Design History,Oxford University Press,£2741,https://academic.oup.com/design,
2025-03-28,Journal of Economic Entomology,Oxford University Press,$4328,https://academic.oup.com/jeento,
2025-03-28,Journal of Economic Geography,Oxford University Press,€4104,https://academic.oup.com/jnlecg,
2025-03-28,Journal of Environmental Law,Oxford University Press,£3067,https://academic.oup.com/envlaw,
2025-03-28,Journal of European Competition Law & Practice,Oxford University Press,€4291,https://academic.oup.com/jeclap,
2025-03-28,Journal of Evolutionary Biology,Oxford University Press,£2368,https://academic.oup.com/jevbio,
2025-03-28,Journal of Experimental Botany,Oxford University Press,£3292,https://academic.oup.com/exbotj,
2025-03-28,Journal of Financial Econometrics,Oxford University Press,$4851,https://academic.oup.com/jfinec,
2025-03-28,Journal of Financial Regulation,Oxford University Press,$4533,https://academic.oup.com/jfregu,
2025-03-28,Journal of Geophysics and Engineering,Oxford University Press,$1550,https://academic.oup.com/jgenge,
2025-03-28,Journal of Global Security Studies,Oxford University Press,$4320,https://academic.oup.com/isajog,
2025-03-28,"Journal of Heredity, The",Oxford University Press,$3560,https://academic.oup.com/jhered,
2025-03-28,Journal of Hip Preservation Surgery,Oxford University Press,$2069,https://academic.oup.com/jhpsur,
2025-03-28,Journal of Human Rights Practice,Oxford University Press,$4533,https://academic.oup.com/jhuman,
2025-03-28,Journal of Industrial Microbiology & Biotechnology,Oxford University Press,$2921,https://academic.oup.com/jimbio,
2025-03-28,Journal of Insect Science,Oxford University Press,$2170,https://academic.oup.com/jisesa,
2025-03-28,Journal of Integrated Pest Management,Oxford University Press,$1175,https://academic.oup.com/jipman,
2025-03-28,Journal of Intellectual Property Law and Practice,Oxford University Press,€4291,https://academic.oup.com/jiplap,
2025-03-28,Journal of International Criminal Justice,Oxford University Press,£3067,https://academic.oup.com/jicjus,
2025-03-28,Journal of International Dispute Settlement,Oxford University Press,$4533,https://academic.oup.com/jnlids,
2025-03-28,Journal of International Economic Law,Oxford University Press,$4535,https://academic.oup.com/jielaw,
2025-03-28,Journal of Islamic Studies,Oxford University Press,£3053,https://academic.oup.com/islamj,
2025-03-28,Journal of Language Evolution,Oxford University Press,€3489,https://academic.oup.com/jolevo,
2025-03-28,Journal of Law and the Biosciences,Oxford University Press,$0,https://academic.oup.com/jlbios,
2025-03-28,Journal of Legal Analysis,Oxford University Press,$0,https://academic.oup.com/jla..j,
2025-03-28,Journal of Logic and Computation,Oxford University Press,$4533,https://academic.oup.com/logcom,
2025-03-28,Journal of Mammalogy,Oxford University Press,$2988,https://academic.oup.com/jmamma,
2025-03-28,Journal of Mechanics,Oxford University Press,$1800,https://academic.oup.com/jomech,
2025-03-28,Journal of Medical Entomology,Oxford University Press,$4328,https://academic.oup.com/jmento,
2025-03-28,Journal of Molecular Cell Biology,Oxford University Press,$2900,https://academic.oup.com/jmcbio,
2025-03-28,Journal of Molluscan Studies,Oxford University Press,£2877,https://academic.oup.com/mollus,
2025-03-28,Journal of Music Therapy,Oxford University Press,$3737,https://academic.oup.com/jmther,
2025-03-28,Journal of Neuropathology and Experimental Neurology,Oxford University Press,$5036,https://academic.oup.com/jneneu,
2025-03-28,Journal of Pediatric Psychology,Oxford University Press,$4332,https://academic.oup.com/jpepsy,
2025-03-28,Journal of Petrology,Oxford University Press,$4353,https://academic.oup.com/petroj,
2025-03-28,Journal of Pharmaceutical Health Services Research,Oxford University Press,£2328,https://academic.oup.com/jphsre,
2025-03-28,Journal of Pharmacy and Pharmacology,Oxford University Press,£2911,https://academic.oup.com/jpphar,
2025-03-28,Journal of Plankton Research,Oxford University Press,$4533,https://academic.oup.com/plankt,
2025-03-28,Journal of Plant Ecology,Oxford University Press,$2190,https://academic.oup.com/jpecol,
2025-03-28,Journal of Professions and Organization,Oxford University Press,€2633,https://academic.oup.com/jporga,
2025-03-28,Journal of Public Administration Research and Theory,Oxford University Press,$4029,https://academic.oup.com/jopart,
2025-03-28,Journal of Public Health,Oxford University Press,£2417,https://academic.oup.com/pubmed,
2025-03-28,Journal of Radiation Research,Oxford University Press,$2430,https://academic.oup.com/radres,
2025-03-28,Journal of Refugee Studies,Oxford University Press,€4421,https://academic.oup.com/refuge,
2025-03-28,Journal of Semantics,Oxford University Press,$5137,https://academic.oup.com/semant,
2025-03-28,Journal of Semitic Studies,Oxford University Press,£2819,https://academic.oup.com/semitj,
2025-03-28,Journal of Sickle Cell Disease,Oxford University Press,$2500,https://academic.oup.com/jscdis,
2025-03-28,Journal of Social History,Oxford University Press,$2452,https://academic.oup.com/jsh..j,
2025-03-28,Journal of Surgical Case Reports,Oxford University Press,$1000,https://academic.oup.com/jscrep,
2025-03-28,Journal of Surgical Protocols and Research Methodologies,Oxford University Press,$1040,https://academic.oup.com/josprm,
2025-03-28,Journal of Survey Statistics and Methodology,Oxford University Press,$3969,https://academic.oup.com/jssmet,
2025-03-28,Journal of the American Academy of Religion,Oxford University Press,$3390,https://academic.oup.com/jaarel,
2025-03-28,Journal of the American Medical Informatics Association,Oxford University Press,$4332,https://academic.oup.com/jamiaj,
2025-03-28,Journal of Bone and Mineral Research,Oxford University Press,$3780,https://academic.oup.com/jnlbmr,
2025-03-28,Journal of the Canadian Association of Gastroenterology,Oxford University Press,$2198,https://academic.oup.com/jcagas,
2025-03-28,Journal of Endocrine Society,Oxford University Press,$3255,https://academic.oup.com/jesoci,
2025-03-28,Journal of the European Economic Association,Oxford University Press,£3540,https://academic.oup.com/jeeasn,
2025-03-28,Journal of the History of Collections,Oxford University Press,£2778,https://academic.oup.com/hiscol,
2025-03-28,Journal of the History of Medicine and Allied Sciences,Oxford University Press,$4448,https://academic.oup.com/jalsci,
2025-03-28,Journal of Leukocyte Biology,Oxford University Press,$3800,https://academic.oup.com/jleuko,
2025-03-28,Journal of Occupational Health,Oxford University Press,$1250,https://academic.oup.com/joccuh,
2025-03-28,Journal of the Pediatric Infectious Diseases Society,Oxford University Press,$4752,https://academic.oup.com/jpidsj,
2025-03-28,Journal of Philosophy of Education,Oxford University Press,£2730,https://academic.oup.com/jopedu,
2025-03-28,Journal of the Royal Statistical Society series A: Statistics in Society,Oxford University Press,£2621,https://academic.oup.com/jrsssa,
2025-03-28,Journal of the Royal Statistical Society series B: Statistical Methodology,Oxford University Press,£2621,https://academic.oup.com/jrsssb,
2025-03-28,Journal of the Royal Statistical Society series C: Applied Statistics,Oxford University Press,£2621,https://academic.oup.com/jrsssc,
2025-03-28,Journal of Travel Medicine,Oxford University Press,$4605,https://academic.oup.com/jtmedi,
2025-03-28,Journal of Tropical Paediatrics,Oxford University Press,$3250,https://academic.oup.com/tropej,
2025-03-28,Journal of Urban Ecology,Oxford University Press,$1413,https://academic.oup.com/juecol,
2025-03-28,Journal of Victorian Culture,Oxford University Press,£2786,https://academic.oup.com/jvcult,
2025-03-28,Laboratory Medicine,Oxford University Press,$4535,https://academic.oup.com/labmed,
2025-03-28,"Law, Probability and Risk",Oxford University Press,$4533,https://academic.oup.com/lawprj,
2025-03-28,Letters in Applied Microbiology,Oxford University Press,£2457,https://academic.oup.com/lambio,
2025-03-28,Life Medicine,Oxford University Press,$0,https://academic.oup.com/lifmed,
2025-03-28,Life metabolism,Oxford University Press,$0,https://academic.oup.com/lifmet,
2025-03-28,Literature and Theology,Oxford University Press,$4068,https://academic.oup.com/litthe,
2025-03-28,Logic Journal of IGPL,Oxford University Press,$4533,https://academic.oup.com/jigpal,
2025-03-28,London Review of International Law,Oxford University Press,$4535,https://academic.oup.com/lrilaw,
2025-03-28,Mammalian Species,Oxford University Press,$2988,https://academic.oup.com/mspeci,
2025-03-28,Marine and Coastal Fisheries,Oxford University Press,$2400,https://academic.oup.com/mcfafs,
2025-03-28,IMA Mathematical Medicine and Biology,Oxford University Press,£2819,https://academic.oup.com/imammb,
2025-03-28,Medical Law Review,Oxford University Press,£3067,https://academic.oup.com/medlaw,
2025-03-28,Medical Mycology,Oxford University Press,$4889,https://academic.oup.com/mmycol,
2025-03-28,MELUS: Multi-Ethnic Literature of the United States,Oxford University Press,$2328,https://academic.oup.com/melusj,
2025-03-28,Metallomics,Oxford University Press,$2653,https://academic.oup.com/mtomcs,
2025-03-28,FEMS microLife,Oxford University Press,£2500,https://academic.oup.com/femsml,
2025-03-28,Microscopy,Oxford University Press,$3494,https://academic.oup.com/jmicro,
2025-03-28,Microscopy and Microanalysis,Oxford University Press,$3554,https://academic.oup.com/micmic,
2025-03-28,Microscopy Today,Oxford University Press,$3554,https://academic.oup.com/mictod,
2025-03-28,Migration Studies,Oxford University Press,€3952,https://academic.oup.com/migrat,
2025-03-28,Military Medicine,Oxford University Press,$4748,https://academic.oup.com/milmed,
2025-03-28,Mind,Oxford University Press,£3035,https://academic.oup.com/mind.j,
2025-03-28,Modern Judaism,Oxford University Press,$3077,https://academic.oup.com/modjud,
2025-03-28,Modern Rheumatology,Oxford University Press,$3208,https://academic.oup.com/modrhe,
2025-03-28,Modern Rheumatology Case Reports,Oxford University Press,$1071,https://academic.oup.com/modrcr,
2025-03-28,Molecular Biology and Evolution,Oxford University Press,$3418,https://academic.oup.com/molbev,
2025-03-28,Molecular human reproduction,Oxford University Press,€3973,https://academic.oup.com/molehr,
2025-03-28,Monthly Notices of the Royal Astronomical Society,Oxford University Press,£2310,https://academic.oup.com/mnrasj,
2025-03-28,Monthly Notices of the Royal Astronomical Society: Letters,Oxford University Press,£1100,https://academic.oup.com/mnrasl,
2025-03-28,Music and Letters,Oxford University Press,$4733,https://academic.oup.com/musicj,
2025-03-28,Music Theory Spectrum,Oxford University Press,$4303,https://academic.oup.com/mtspec,
2025-03-28,Music Therapy Perspectives,Oxford University Press,$3737,https://academic.oup.com/mtpers,
2025-03-28,Mutagenesis,Oxford University Press,£3162,https://academic.oup.com/mutage,
2025-03-28,NAR Cancer,Oxford University Press,$2583,https://academic.oup.com/narcan,
2025-03-28,NAR Genomics and Bioinformatics,Oxford University Press,$2766,https://academic.oup.com/nargab,
2025-03-28,NAR Molecular Medicine,Oxford University Press,$2300,https://academic.oup.com/narmme,
2025-03-28,National Science Review,Oxford University Press,$2000,https://academic.oup.com/nsrscp,
2025-03-28,Nephrology Dialysis Transplantation,Oxford University Press,€3474,https://academic.oup.com/ndt..j,
2025-03-28,Neuro-Oncology,Oxford University Press,$5132,https://academic.oup.com/neuonc,
2025-03-28,Neuro-Oncology Advances,Oxford University Press,$2615,https://academic.oup.com/noajnl,
2025-03-28,Neuro-Oncology Practice,Oxford University Press,$5036,https://academic.oup.com/noprac,
2025-03-28,Neuroscience of Consciousness,Oxford University Press,€2251,https://academic.oup.com/nconsc,
2025-03-28,Nicotine & Tobacco Research,Oxford University Press,$5392,https://academic.oup.com/nictob,
2025-03-28,North American Journal of Aquaculture,Oxford University Press,$3500,https://academic.oup.com/naaqua,
2025-03-28,North American Journal of Fisheries Management,Oxford University Press,$3500,https://academic.oup.com/najfmt,
2025-03-28,Notes and Queries,Oxford University Press,$3296,https://academic.oup.com/notesj,
2025-03-28,Nucleic Acids Research,Oxford University Press,$3992,https://academic.oup.com/narese,
2025-03-28,Nutrition Reviews,Oxford University Press,$4981,https://academic.oup.com/nutrit,
2025-03-28,Obesity and Endocrinology,Oxford University Press,€2750,https://academic.oup.com/obendo,
2025-03-28,Occupational Medicine,Oxford University Press,£2976,https://academic.oup.com/occmed,
2025-03-28,Open Forum Infectious Diseases,Oxford University Press,$4053,https://academic.oup.com/ofidis,
2025-03-28,Ornithological Applications,Oxford University Press,$3718,https://academic.oup.com/condor,
2025-03-28,Ornithology,Oxford University Press,$3718,https://academic.oup.com/aukjnl,
2025-03-28,Oxford Art Journal,Oxford University Press,$3957,https://academic.oup.com/oxartj,
2025-03-28,Oxford Economic Papers,Oxford University Press,£4064,https://academic.oup.com/oep..j,
2025-03-28,Oxford Journal of Law & Religion,Oxford University Press,$4533,https://academic.oup.com/ojlawr,
2025-03-28,Oxford Journal of Legal Studies,Oxford University Press,£3023,https://academic.oup.com/oxjlsj,
2025-03-28,Oxford Medical Case Reports,Oxford University Press,$1103,https://academic.oup.com/omcrep,
2025-03-28,Oxford Open Climate Change,Oxford University Press,$1899,https://academic.oup.com/oxfclm,
2025-03-28,Oxford Open Digital Health,Oxford University Press,$2590,https://academic.oup.com/oxfdhe,
2025-03-28,Oxford Open Economics,Oxford University Press,$1575,https://academic.oup.com/oxecon,
2025-03-28,Oxford Open Energy,Oxford University Press,$2249,https://academic.oup.com/oxfnrg,
2025-03-28,Oxford Open Immunology,Oxford University Press,$2331,https://academic.oup.com/oxfimm,
2025-03-28,Oxford Open Infrastructure and Health,Oxford University Press,$2520,https://academic.oup.com/oxfihe,
2025-03-28,Oxford Open Materials Science,Oxford University Press,$2249,https://academic.oup.com/oxfmat,
2025-03-28,Oxford Open Neuroscience,Oxford University Press,$2400,https://academic.oup.com/oxfnsc,
2025-03-28,Oxford Review of Economic Policy,Oxford University Press,£3866,https://academic.oup.com/ecopol,
2025-03-28,Paediatrics & Child Health,Oxford University Press,$4981,https://academic.oup.com/pcheal,
2025-03-28,Pain Medicine,Oxford University Press,$5036,https://academic.oup.com/painme,
2025-03-28,Parliamentary Affairs,Oxford University Press,£3388,https://academic.oup.com/parlij,
2025-03-28,Past and Present,Oxford University Press,£3338,https://academic.oup.com/past.j,
2025-03-28,Pathogens and Disease,Oxford University Press,£2500,https://academic.oup.com/femspd,
2025-03-28,Perspectives on Public Management and Governance,Oxford University Press,$4029,https://academic.oup.com/ppmgov,
2025-03-28,Philosophia Mathematica,Oxford University Press,$4533,https://academic.oup.com/phimat,
2025-03-28,Physical Therapy,Oxford University Press,$4035,https://academic.oup.com/physth,
2025-03-28,Plant Cell Physiology,Oxford University Press,$3085,https://academic.oup.com/pcp..j,
2025-03-28,Plant Physiology,Oxford University Press,$3851,https://academic.oup.com/plphys,
2025-03-28,PNAS Nexus,Oxford University Press,$4202,https://academic.oup.com/pnexus,
2025-03-28,Policing: A Journal of Policy and Practice,Oxford University Press,$4533,https://academic.oup.com/police,
2025-03-28,Policy and Society,Oxford University Press,$1634,https://academic.oup.com/polsoc,
2025-03-28,Political Science Quarterly,Oxford University Press,$3931,https://academic.oup.com/psquar,
2025-03-28,Postgraduate Medical Journal,Oxford University Press,£3276,https://academic.oup.com/postmj,
2025-03-28,Precision Clinical Medicine,Oxford University Press,$2000,https://academic.oup.com/pcmedi,
2025-03-28,Proceedings of the Aristotelian Society,Oxford University Press,£2993,https://academic.oup.com/arisoc,
2025-03-28,Protein & Cell,Oxford University Press,$2700,https://academic.oup.com/procel,
2025-03-28,"Protein Engineering, Design and Selection",Oxford University Press,$4656,https://academic.oup.com/proeng,
2025-03-28,Psychoradiology,Oxford University Press,$0,https://academic.oup.com/psyrad,
2025-03-28,Public Health Ethics,Oxford University Press,£2653,https://academic.oup.com/pethic,
2025-03-28,Public Opinion Quarterly,Oxford University Press,$3969,https://academic.oup.com/pubopq,
2025-03-28,Public Policy & Aging Report,Oxford University Press,$4408,https://academic.oup.com/pparep,
2025-03-28,Publications of the Astronomical Society of Japan,Oxford University Press,¥358550,https://academic.oup.com/pasjap,
2025-03-28,Publius: The Journal of Federalism,Oxford University Press,$4169,https://academic.oup.com/pubjof,
2025-03-28,Q Open,Oxford University Press,£1427,https://academic.oup.com/qopenj,
2025-03-28,QJM:An International Journal of Medicine         ,Oxford University Press,£3323,https://academic.oup.com/qjmedj,
2025-03-28,Radiation Protection Dosimetry,Oxford University Press,$4533,https://academic.oup.com/raddos,
2025-03-28,Radiology Advances,Oxford University Press,$2900,https://academic.oup.com/radadv,
2025-03-28,RAS techniques and Instruments,Oxford University Press,£1313,https://academic.oup.com/rastai,
2025-03-28,RPS Pharmacy and Pharmacology reports,Oxford University Press,£2163,https://academic.oup.com/rpsppr,
2025-03-28,Refugee Survey Quarterly,Oxford University Press,€3756,https://academic.oup.com/refqtl,
2025-03-28,Regenerative Biomaterials,Oxford University Press,$1820,https://academic.oup.com/regbio,
2025-03-28,Research Connections,Oxford University Press,$2000,https://academic.oup.com/jrescon,
2025-03-28,Research Evaluation,Oxford University Press,€3070,https://academic.oup.com/reeval,
2025-03-28,Review of Finance,Oxford University Press,€4487,https://academic.oup.com/roffin,
2025-03-28,Rheumatology,Oxford University Press,£3486,https://academic.oup.com/brheum,
2025-03-28,Rheumatology Advances in Practice,Oxford University Press,£2255,https://academic.oup.com/raprac,
2025-03-28,RSS Data Science,Oxford University Press,£1575,https://academic.oup.com/rssdat,
2025-03-28,Schizophrenia Bulletin,Oxford University Press,$4981,https://academic.oup.com/schbul,
2025-03-28,Schizophrenia Bulletin Open,Oxford University Press,$3662,https://academic.oup.com/sbopen,
2025-03-28,Science & Public Policy,Oxford University Press,€4077,https://academic.oup.com/scipol,
2025-03-28,Screen,Oxford University Press,£2905,https://academic.oup.com/screen,
2025-03-28,Sexual Medicine,Oxford University Press,$2750,https://academic.oup.com/sexmed,
2025-03-28,Sexual Medicine Reviews,Oxford University Press,$3550,https://academic.oup.com/sxmrev,
2025-03-28,Skin Health and Disease,Oxford University Press,£1969,https://academic.oup.com/skinhd,
2025-03-28,SLEEP,Oxford University Press,$4388,https://academic.oup.com/sleepj,
2025-03-28,SLEEP Advances,Oxford University Press,$2054,https://academic.oup.com/sleepo,
2025-03-28,Social Cognitive and Affective Neuroscience,Oxford University Press,$2379,https://academic.oup.com/socafn,
2025-03-28,Social Forces,Oxford University Press,$4152,https://academic.oup.com/socfor,
2025-03-28,Social History of Medicine,Oxford University Press,£2930,https://academic.oup.com/sochis,
2025-03-28,Social Politics,Oxford University Press,£2753,https://academic.oup.com/socpol,
2025-03-28,Social Problems,Oxford University Press,$4073,https://academic.oup.com/socpro,
2025-03-28,Social Science Japan Journal,Oxford University Press,$3569,https://academic.oup.com/ssjapj,
2025-03-28,Socio-Economic Review,Oxford University Press,£2819,https://academic.oup.com/soceco,
2025-03-28,Sociology of Religion,Oxford University Press,$3492,https://academic.oup.com/socrel,
2025-03-28,Statute Law Review,Oxford University Press,$4535,https://academic.oup.com/stalaw,
2025-03-28,Stem Cells,Oxford University Press,$4477,https://academic.oup.com/stmcls,
2025-03-28,Stem Cells Translational Medicine,Oxford University Press,$2963,https://academic.oup.com/stcltm,
2025-03-28,Sustainable Microbiology,Oxford University Press,£2200,https://academic.oup.com/sumbio,
2025-03-28,Synthetic Biology,Oxford University Press,$3250,https://academic.oup.com/synbio,
2025-03-28,Systematic Biology,Oxford University Press,$2166,https://academic.oup.com/sysbio,
2025-03-28,Teaching Mathematics and Its Applications,Oxford University Press,£2711,https://academic.oup.com/teamat,
2025-03-28,American Journal of Comparative Law,Oxford University Press,$4402,https://academic.oup.com/ajclaw,
2025-03-28,The American Journal of Jurisprudence,Oxford University Press,$4533,https://academic.oup.com/ajjuri,
2025-03-28,"British Journal of Aesthetics, The",Oxford University Press,£2873,https://academic.oup.com/aesthj,
2025-03-28,"British Journal of Criminology, The",Oxford University Press,£4050,https://academic.oup.com/crimin,
2025-03-28,"British Journal of Social Work, The",Oxford University Press,£3406,https://academic.oup.com/social,
2025-03-28,"Cambridge Quarterly, The",Oxford University Press,£2884,https://academic.oup.com/camquj,
2025-03-28,The Chinese Journal of Comparative Law,Oxford University Press,$3981,https://academic.oup.com/cjclaw,
2025-03-28,Chinese Journal of International Politics,Oxford University Press,$3981,https://academic.oup.com/cjipol,
2025-03-28,"Computer Journal, The",Oxford University Press,£2877,https://academic.oup.com/comjnl,
2025-03-28,The Econometrics Journal,Oxford University Press,£3384,https://academic.oup.com/ectjnl,
2025-03-28,The Economic Journal,Oxford University Press,£3384,https://academic.oup.com/econoj,
2025-03-28,"English Historical Review, The",Oxford University Press,£3066,https://academic.oup.com/enghis,
2025-03-28,The Gerontologist,Oxford University Press,$4408,https://academic.oup.com/geront,
2025-03-28,The Journal of Aesthetics and Art Criticism,Oxford University Press,$3492,https://academic.oup.com/joaaac,
2025-03-28,The Journal of Applied Laboratory Medicine,Oxford University Press,$4212,https://academic.oup.com/jalmed,
2025-03-28,Journal of Biochemistry,Oxford University Press,$3276,https://academic.oup.com/jjbioc,
2025-03-28,The Journal of Clinical Endocrinology & Metabolism,Oxford University Press,$3750,https://academic.oup.com/jcemet,
2025-03-28,Journal of Deaf Studies and Deaf Education,Oxford University Press,$4363,https://academic.oup.com/deafed,
2025-03-28,Journal of Hindu Studies,Oxford University Press,£2558,https://academic.oup.com/jhindu,
2025-03-28,"Journal of Immunology, The ",Oxford University Press,$3500,https://academic.oup.com/jimmun,
2025-03-28,Journal of Infectious Diseases,Oxford University Press,$4763,https://academic.oup.com/infdis,
2025-03-28,"The Journal of Law, Economics and Organization",Oxford University Press,$4106,https://academic.oup.com/jleorg,
2025-03-28,Journal of Medicine and Philosophy,Oxford University Press,$3973,https://academic.oup.com/jmphil,
2025-03-28,The Journal of Sexual Medicine,Oxford University Press,$3550,https://academic.oup.com/jsxmed,
2025-03-28,"Journal of Theological Studies, The",Oxford University Press,$4605,https://academic.oup.com/theolj,
2025-03-28,"Journal of World Energy Law and Business, The",Oxford University Press,$4533,https://academic.oup.com/jwelab,
2025-03-28,"Journals of Gerontology, The - Series A: Biological Sciences and Medical Sciences",Oxford University Press,$4408,https://academic.oup.com/gerona,
2025-03-28,"Journals of Gerontology, The - Series B: Psychological Sciences and Social Sciences",Oxford University Press,$4408,https://academic.oup.com/geronb,
2025-03-28,Leo Baeck Institute Year Book,Oxford University Press,£2819,https://academic.oup.com/lbaeck,
2025-03-28,The Library,Oxford University Press,£2869,https://academic.oup.com/libray,
2025-03-28,The Monist,Oxford University Press,$4036,https://academic.oup.com/monist,
2025-03-28,The Musical Quarterly,Oxford University Press,$4605,https://academic.oup.com/musqtl,
2025-03-28,The Oncologist,Oxford University Press,$3852,https://academic.oup.com/oncolo,
2025-03-28,Modern British History (formerly Twentieth Century British History),Oxford University Press,£3066,https://academic.oup.com/tweceb,
2025-03-28,Opera Quarterly,Oxford University Press,$3816,https://academic.oup.com/operaq,
2025-03-28,The Philosophical Quarterly,Oxford University Press,£3188,https://academic.oup.com/philoq,
2025-03-28,The Plant Cell,Oxford University Press,$4934,https://academic.oup.com/plcell,
2025-03-28,Quarterly Journal of Economics,Oxford University Press,$7619,https://academic.oup.com/qjecon,
2025-03-28,"Quarterly Journal of Mathematics, The",Oxford University Press,€3753,https://academic.oup.com/qmathj,
2025-03-28,"Quarterly Journal of Mechanics and Applied Mathematics, The",Oxford University Press,£2819,https://academic.oup.com/qjmamj,
2025-03-28,Review of Asset Pricing Studies,Oxford University Press,$4028,https://academic.oup.com/rapstu,
2025-03-28,Review of Corporate Finance Studies,Oxford University Press,$4028,https://academic.oup.com/revcfs,
2025-03-28,Review of Economic Studies ,Oxford University Press,£4952,https://academic.oup.com/restud,
2025-03-28,"Review of English Studies, The",Oxford University Press,£3375,https://academic.oup.com/revesj,
2025-03-28,"Review of Financial Studies, The",Oxford University Press,$4028,https://academic.oup.com/revfin,
2025-03-28,"World Bank Economic Review, The",Oxford University Press,$3986,https://academic.oup.com/wber.j,
2025-03-28,"World Bank Research Observer, The",Oxford University Press,$3986,https://academic.oup.com/wbro.j,
2025-03-28,Toxicological Sciences,Oxford University Press,$4671,https://academic.oup.com/toxsci,
2025-03-28,Toxicology Research ,Oxford University Press,$2560,https://academic.oup.com/toxres,
2025-03-28,Transactions of Mathematics and Its Applications,Oxford University Press,£1160,https://academic.oup.com/imatrm,
2025-03-28,Transactions of the American Fisheries Society,Oxford University Press,$3500,https://academic.oup.com/tafafs,
2025-03-28,Transactions of The Royal Society of Tropical Medicine and Hygiene,Oxford University Press,£2326,https://academic.oup.com/trstmh,
2025-03-28,Translational Animal Science,Oxford University Press,$3308,https://academic.oup.com/tranas,
2025-03-28,Translational Behavioral Medicine,Oxford University Press,$4253,https://academic.oup.com/tbmedi,
2025-03-28,Translational Food Sciences,Oxford University Press,£1600,https://academic.oup.com/trfood,
2025-03-28,Transportation Safety and Environment,Oxford University Press,$1575,https://academic.oup.com/transp,
2025-03-28,Tree Physiology,Oxford University Press,$4253,https://academic.oup.com/treeph,
2025-03-28,Trusts & Trustees,Oxford University Press,€3756,https://academic.oup.com/trutru,
2025-03-28,Uniform Law Review,Oxford University Press,€3756,https://academic.oup.com/unifor,
2025-03-28,Virus Evolution,Oxford University Press,$3304,https://academic.oup.com/vevolu,
2025-03-28,"Work, Aging and Retirement",Oxford University Press,€3696,https://academic.oup.com/workar,
2025-03-28,Yearbook of European Law,Oxford University Press,€3066,https://academic.oup.com/yeurol,
2025-03-28,Yearbook of International Environmental Law,Oxford University Press,€3757,https://academic.oup.com/yielaw,
2025-03-28,Zoological Journal of the Linnean Society,Oxford University Press,£2685,https://academic.oup.com/zoolin,
